{"cameraMode":{"drawMode":0,"name":"Shaded","section":"Shading Mode"},"sceneLighting":true,"audioPlay":false,"sceneViewState":{"showFog":true,"showMaterialUpdate":false,"showSkybox":true,"showFlares":true,"showImageEffects":true,"showParticleSystems":true},"in2DMode":false,"pivot":{"x":534.1007080078125,"y":7.362775802612305,"z":2110.342041015625},"rotation":{"x":-0.0065420870669186119,"y":-0.13190752267837525,"z":0.0008716566953808069,"w":-0.9912656545639038},"size":2297.34619140625,"orthographic":false}