{"cameraMode":{"drawMode":0,"name":"Shaded","section":"Shading Mode"},"sceneLighting":true,"audioPlay":false,"sceneViewState":{"showFog":true,"showMaterialUpdate":false,"showSkybox":true,"showFlares":true,"showImageEffects":true,"showParticleSystems":true},"in2DMode":false,"pivot":{"x":-115.34146118164063,"y":54.83681869506836,"z":-348.510009765625},"rotation":{"x":-0.047946203500032428,"y":-0.8711725473403931,"z":0.0817166417837143,"w":-0.48246318101882937},"size":30.855125427246095,"orthographic":false}