{"cameraMode":{"drawMode":0,"name":"Shaded","section":"Shading Mode"},"sceneLighting":false,"audioPlay":false,"sceneViewState":{"showFog":true,"showMaterialUpdate":false,"showSkybox":false,"showFlares":true,"showImageEffects":true,"showParticleSystems":true},"in2DMode":false,"pivot":{"x":-191.7060546875,"y":101.1904067993164,"z":48.617916107177737},"rotation":{"x":0.22186091542243958,"y":-0.6068805456161499,"z":0.18251773715019227,"w":0.7413615584373474},"size":22.00682258605957,"orthographic":false}